<?xml version="1.0" encoding="UTF-8"?>
<metadata xml:lang="zh"><Esri><CreaDate>20230905</CreaDate><CreaTime>22082000</CreaTime><ArcGISFormat>1.0</ArcGISFormat><SyncOnce>TRUE</SyncOnce><DataProperties><lineage><Process ToolSource="d:\arcgis10.8_install\desktop10.8\ArcToolbox\Toolboxes\Geostatistical Analyst Tools.tbx\SubsetFeatures" Date="20230905" Time="121909">SubsetFeatures BJ_point30 D:\ArcGIS_gdb\FAST.gdb\BJ_point30_sub5000 # 5000 ABSOLUTE_VALUE</Process></lineage></DataProperties></Esri></metadata>
